redis_mode,strategy,scenario,concurrent_users,iteration,avg_ms,p90_ms,p95_ms,p99_ms,max_ms,throughput_rps,error_rate_pct,http_reqs_total,cache_hit_ratio_pct,validity_status
single,no-cache,read-heavy,100,1,129.48,248.91,301.14,400.65,861.21,63.91,0,24968,0,valid
single,no-cache,read-heavy,250,1,1727.35,2218.53,2322.62,2570.28,4260.08,74.33,0,29064,0,valid
single,no-cache,read-heavy,500,1,4404.82,5220.19,5327.03,5555.55,6898.65,78.33,0,30677,0,valid
single,no-cache,read-heavy,750,1,7226.33,8363.33,8494.25,8779.52,10302.58,78.62,0,30768,0,valid
single,no-cache,read-heavy,1000,1,9871.1,11365.79,11484.94,11693.63,12786.22,80.31,0,31399,0,valid
single,no-cache,read-heavy,1500,1,15314.92,17472.61,17589.79,17791.71,19154.38,80.97,0.0251,31850,0,valid
single,no-cache,read-heavy,2000,1,20984.3,23934.78,24089.85,24413.36,25648.16,80.19,0.0313,31998,0,valid
single,no-cache,read-heavy,100,2,118.17,234.05,285.04,394.94,869.8,64.61,0,25248,0,valid
single,no-cache,read-heavy,250,2,1432.77,1853.11,1941.99,2137.62,3944.13,82.4,0,32239,0,valid
single,no-cache,read-heavy,500,2,4018.27,4799.94,4905.23,5142.58,6430.55,84.09,0,32883,0,valid
single,no-cache,read-heavy,750,2,6692.23,7787.99,7885.6,8089.02,9336.18,83.82,0,32824,0,valid
single,no-cache,read-heavy,1000,2,9110.1,10512.41,10655.48,10913.44,12396.68,86.07,0,33664,0,valid
single,no-cache,read-heavy,1500,2,14707.83,16846.55,16971.31,17199.64,18495.75,84.11,0.0212,33053,0,valid
single,no-cache,read-heavy,2000,2,20007.2,22821.82,22958.2,23209.24,24225.53,83.77,0.024,33345,0,valid
single,no-cache,read-heavy,100,3,128.91,250.77,303.61,406.07,962.17,63.99,0,25080,0,valid
single,no-cache,read-heavy,250,3,1589.03,2034.41,2121.05,2312.45,3702.57,77.95,0,30502,0,valid
single,no-cache,read-heavy,500,3,4269.8,5049.63,5154.75,5370.93,6938.39,80.2,0,31400,0,valid
single,no-cache,read-heavy,750,3,6899.3,7976.15,8077.16,8288.34,10030.12,81.79,0,31997,0,valid
single,no-cache,read-heavy,1000,3,9506.07,10926.09,11043.84,11293.66,13472.1,82.8,0,32428,0,valid
single,no-cache,read-heavy,1500,3,15700.45,17919.17,19381.47,20198.83,21491.63,79.17,0.0417,31153,0,valid
single,no-cache,read-heavy,2000,3,20625.13,23429.23,23546.15,23802.83,25039.49,81.45,0.0185,32454,0,valid
single,no-cache,read-heavy,100,4,118.97,227.49,274.08,373.76,931.12,64.78,0,25311,0,valid
single,no-cache,read-heavy,250,4,1604.44,2066.64,2170.03,2409.56,4040.2,77.24,0,30267,0,valid
single,no-cache,read-heavy,500,4,4283.36,5112.76,5238.55,5498.24,7554.62,80.06,0,31339,0,valid
single,no-cache,read-heavy,750,4,7034.09,8168.07,8285.4,8521.12,10300.68,80.36,0,31499,0,valid
single,no-cache,read-heavy,1000,4,9889.32,11392.17,11538.49,11792.65,13930.59,80,0,31323,0,valid
single,no-cache,read-heavy,1500,4,16044.89,18374.68,18717.77,19358.43,20777.71,77.49,0.0294,30561,0,valid
single,no-cache,read-heavy,2000,4,22230.89,25408.8,26217.35,26675.62,28322,75.64,0.0363,30322,0,valid
single,no-cache,read-heavy,100,5,130.81,253.61,308.08,410.15,853.96,63.77,0,24949,0,valid
single,no-cache,read-heavy,250,5,1627.17,2089.57,2184.14,2411.11,3545.84,76.89,0,30071,0,valid
single,no-cache,read-heavy,500,5,4313.47,5099.78,5205.5,5449.83,6420.36,79.71,0,31167,0,valid
single,no-cache,read-heavy,750,5,7116.08,8334.61,8458.64,8696.85,10061.41,79.63,0,31167,0,valid
single,no-cache,read-heavy,1000,5,9906.89,11470.12,11648.66,11884.15,12891.81,79.83,0,31256,0,valid
single,no-cache,read-heavy,1500,5,15918.46,18328.84,18481.23,18737.7,19914.96,78.11,0.0162,30774,0,valid
single,no-cache,read-heavy,2000,5,21017.58,23895.89,24025.6,24339.06,25472.84,79.95,0.0156,31977,0,valid
single,no-cache,write-heavy,100,1,459.91,744.03,837.29,1046.18,2258.64,73.06,0,28536,0,valid
single,no-cache,write-heavy,250,1,2093.3,2600.79,2692.12,2889,4110.55,77.8,0,30377,0,valid
single,no-cache,write-heavy,500,1,4963.2,5778.19,5916.98,6193.36,7301.96,77.75,0,30383,0,valid
single,no-cache,write-heavy,750,1,7805.87,9010.9,9183.45,9690.44,10758.73,78.11,0,30560,0,valid
single,no-cache,write-heavy,1000,1,10538.69,12205.22,12456.61,13088.18,14050.84,79.36,0,31064,0,valid
single,no-cache,write-heavy,1500,1,17095.67,20008.17,20623.22,21275.15,22762.56,74.9,1.4263,29797,0,valid
single,no-cache,write-heavy,2000,1,22592.67,26764.31,27006.46,27363.38,28677.56,75.79,0.1043,30671,0,valid
single,no-cache,write-heavy,100,2,401.41,659.29,747.4,953.73,2532.26,76.72,0,29951,0,valid
single,no-cache,write-heavy,250,2,1974.17,2452.15,2537.16,2728.69,3962.64,81.29,0,31776,0,valid
single,no-cache,write-heavy,500,2,4645.84,5510.07,5616.13,5845.87,7349.35,82.38,0,32200,0,valid
single,no-cache,write-heavy,750,2,7409.21,8542.53,8658.88,8907.53,9993.9,81.98,0,32059,0,valid
single,no-cache,write-heavy,1000,2,10016.56,11468.96,11586.64,11812.97,12805.4,83.19,0,32537,0,valid
single,no-cache,write-heavy,1500,2,15567.47,18112.15,18260.41,18546.68,19410.07,82.05,1.1034,32537,0,valid
single,no-cache,write-heavy,2000,2,21457.61,25700.06,25836.66,26062.32,27349.36,79.7,0.1147,32251,0,valid
single,no-cache,write-heavy,100,3,446.51,723.15,811.45,1007.95,2641.59,74.04,0,28885,0,valid
single,no-cache,write-heavy,250,3,2125.58,2637.74,2734.61,2960.43,4234.52,77.06,0,30098,0,valid
single,no-cache,write-heavy,500,3,4990.37,5847.32,5964.68,6226.86,8198.53,77.48,0,30285,0,valid
single,no-cache,write-heavy,750,3,7740.28,8953.01,9085.52,9373.24,10703.4,78.92,0,30826,0,valid
single,no-cache,write-heavy,1000,3,10831.58,12449.14,12631.81,12955.29,14401.21,77.32,0,30280,0,valid
single,no-cache,write-heavy,1500,3,17738.15,20669.77,20811.58,21097.22,22064.19,72.22,1.5884,28834,0,valid
single,no-cache,write-heavy,2000,3,23931.3,28648.9,28775.69,29026.27,30001.02,71.47,0.134,29099,0,valid
single,no-cache,write-heavy,100,4,519.15,845.48,953.46,1246.69,3226.49,69.52,0,27155,0,valid
single,no-cache,write-heavy,250,4,2253.74,2829.15,2938.24,3201.98,4745.09,73.83,0,28814,0,valid
single,no-cache,write-heavy,500,4,5502.62,6617.69,6797.53,7137.1,8828.02,71.13,0,27796,0,valid
single,no-cache,write-heavy,750,4,8482.2,9870.21,10014.89,10282.85,11669.18,72.54,0,28366,0,valid
single,no-cache,write-heavy,1000,4,11642.29,13495.95,13736.75,14123.17,15283.41,72.21,0,28356,0,valid
single,no-cache,write-heavy,1500,4,18313.92,21586.76,21878.89,22411.28,24586.25,69.93,1.4329,27986,0,valid
single,no-cache,write-heavy,2000,4,24922.28,30000.37,30000.75,30004.61,30068.28,68.56,16.8968,27958,0,saturated
single,no-cache,write-heavy,100,5,451.97,723.04,805.77,996.77,2157.42,73.45,0,28757,0,valid
single,no-cache,write-heavy,250,5,2156.16,2674.29,2770.71,2984.78,4440.66,76.27,0,29798,0,valid
single,no-cache,write-heavy,500,5,4919.86,5796.86,5898.99,6122.05,7581.28,78.31,0,30626,0,valid
single,no-cache,write-heavy,750,5,7644.85,8713.84,8841.68,9137.32,10550.94,79.63,0,31139,0,valid
single,no-cache,write-heavy,1000,5,10416.75,12007.7,12142.61,12369.28,13212.15,80.23,0,31376,0,valid
single,no-cache,write-heavy,1500,5,15965.1,18610.06,18796.29,19153.73,20084.97,80.11,1.0168,31767,0,valid
single,no-cache,write-heavy,2000,5,21545.04,25923.26,26109.67,26392.9,27095.77,79.4,0.1215,32098,0,valid
single,cache-aside,read-heavy,100,1,65.07,124.59,156.78,232.18,461.81,67.01,0,26205,70.09,valid
single,cache-aside,read-heavy,250,1,1025.89,1361.67,1441.3,1620.15,3143.14,97,0,37923,70.7,valid
single,cache-aside,read-heavy,500,1,3220.48,3866.66,3962.36,4158.38,7070.66,98.94,0,38679,70.91,valid
single,cache-aside,read-heavy,750,1,5297.25,6190.68,6303.73,6527.12,7714.81,101.58,0,39755,71.65,valid
single,cache-aside,read-heavy,1000,1,7457.42,8589.93,8697.38,8906.96,10321.97,102.05,0,39948,71.29,valid
single,cache-aside,read-heavy,1500,1,12006.21,13714.86,13853.32,14083.89,15438.52,101.14,0.0202,39596,70.93,valid
single,cache-aside,read-heavy,2000,1,16586.26,18830.98,18982.29,19231.07,20200.27,100.21,0.0607,39552,70.78,valid
single,cache-aside,read-heavy,100,2,68.48,132.43,164.37,240.97,522.24,67.12,0,26252,69.93,valid
single,cache-aside,read-heavy,250,2,1002.73,1341.41,1425.38,1606.88,2712.01,98.2,0,38396,70.98,valid
single,cache-aside,read-heavy,500,2,3142.03,3752.72,3840.02,4030.49,5671.99,100.84,0,39436,71.22,valid
single,cache-aside,read-heavy,750,2,5271.76,6116.71,6199.82,6373.76,7757.62,101.75,0,39881,70.69,valid
single,cache-aside,read-heavy,1000,2,7520.18,8615.92,8748.02,8985.82,10175.87,101.44,0,39660,71.09,valid
single,cache-aside,read-heavy,1500,2,11728.57,13288.19,13398.72,13647.24,14524.31,103.27,0.0173,40471,70.53,valid
single,cache-aside,read-heavy,2000,2,17205,19551.46,20024.28,20482.54,21810.14,96.88,0.0601,38243,71.15,valid
single,cache-aside,read-heavy,100,3,76.79,147.65,182.99,255.7,564.52,66.59,0,26010,70.01,valid
single,cache-aside,read-heavy,250,3,1170.28,1559.26,1651.29,1871.51,3462.29,91.26,0,35674,70.84,valid
single,cache-aside,read-heavy,500,3,3439.7,4108.92,4224.32,4480.51,6100.3,94.5,0,36958,71.12,valid
single,cache-aside,read-heavy,750,3,5685.51,6649.05,6782.3,7027.4,8346.27,95.94,0,37536,71,valid
single,cache-aside,read-heavy,1000,3,8063.36,9380.58,9515.96,9767.19,10921.83,95.49,0,37399,71.43,valid
single,cache-aside,read-heavy,1500,3,13177.92,15217.36,15398.14,15780.99,17078.61,93.06,0.022,36442,71.18,valid
single,cache-aside,read-heavy,2000,3,17753.09,20238.42,20432.68,20782,22223.54,94.06,0.0215,37205,70.67,valid
single,cache-aside,read-heavy,100,4,93.25,183.83,228.01,327.27,631,65.87,0,25772,69.91,valid
single,cache-aside,read-heavy,250,4,1318.46,1797.22,1926.23,2200.53,3459.45,86.04,0,33667,70.76,valid
single,cache-aside,read-heavy,500,4,3728.43,4518.59,4654.08,4944.33,6556.66,89,0,34822,71.13,valid
single,cache-aside,read-heavy,750,4,6178.5,7173.98,7320.56,7638.6,9272.4,89.56,0,35089,71.04,valid
single,cache-aside,read-heavy,1000,4,8567.11,9865.58,10016.18,10313.75,11604.64,90.63,0,35478,70.37,valid
single,cache-aside,read-heavy,1500,4,13187.61,15057.57,15187.65,15439.37,18891.82,92.99,0.0137,36425,70.94,valid
single,cache-aside,read-heavy,2000,4,18354.79,20950.9,21116.67,21410.09,23426.06,91.1,0.0388,36087,70.93,valid
single,cache-aside,read-heavy,100,5,64.63,125.2,157.83,235.92,444.24,67.06,0,26181,70.49,valid
single,cache-aside,read-heavy,250,5,1061.36,1442.36,1538.83,1748.68,2941.14,95.63,0,37401,70.59,valid
single,cache-aside,read-heavy,500,5,3134.05,3768.05,3860.94,4046.92,5057.97,100.83,0,39495,70.9,valid
single,cache-aside,read-heavy,750,5,5485.82,6416.03,6597.1,6944.2,8383.64,98.78,0,38660,71.11,valid
single,cache-aside,read-heavy,1000,5,7398.23,8530.89,8633.56,8842.93,9787.59,102.85,0,40250,70.59,valid
single,cache-aside,read-heavy,1500,5,11826.3,13443.21,13565.84,13800.85,14680.14,102.59,0.0249,40181,71.43,valid
single,cache-aside,read-heavy,2000,5,16642,18854.02,18981.72,19213.24,20145.82,99.94,0.038,39439,70.77,valid
single,cache-aside,write-heavy,100,1,358.55,637.93,728.14,920.71,2107.07,79.88,0,31193,21.95,valid
single,cache-aside,write-heavy,250,1,1883.72,2390.95,2488.98,2696.5,3994.62,84.05,0,32864,21.71,valid
single,cache-aside,write-heavy,500,1,4438.63,5278.99,5401.55,5690.04,6963.17,85.67,0,33468,21.33,valid
single,cache-aside,write-heavy,750,1,7023.37,8139.51,8262.11,8504.04,10028.01,86,0,33618,21.95,valid
single,cache-aside,write-heavy,1000,1,9798.73,11233.53,11358.71,11608.96,12861.04,84.86,0,33199,21.22,valid
single,cache-aside,write-heavy,1500,1,15308.27,17786.02,17966.75,18280.5,20306.11,83.25,1.0681,33049,21.47,valid
single,cache-aside,write-heavy,2000,1,20754.59,24822.66,24974.79,25249.4,26595.43,82.5,0.0662,33245,21.82,valid
single,cache-aside,write-heavy,100,2,354.83,631.83,721.36,933.04,2072.34,79.94,0,31245,21.87,valid
single,cache-aside,write-heavy,250,2,1860.29,2358.32,2456.37,2665.4,4403.19,84.67,0,33092,21.98,valid
single,cache-aside,write-heavy,500,2,4422.19,5253.54,5365.25,5609.34,6869.34,85.86,0,33592,21.33,valid
single,cache-aside,write-heavy,750,2,7063.14,8240.3,8369.65,8624.79,9998.6,85.56,0,33434,21.97,valid
single,cache-aside,write-heavy,1000,2,9788.74,11227.83,11373.31,11651.68,13128.37,84.98,0,33233,21.87,valid
single,cache-aside,write-heavy,1500,2,15279.07,17880.1,18018.12,18272.69,21038.82,83.49,1.2299,33091,21.8,valid
single,cache-aside,write-heavy,2000,2,20574.09,24686,24883.27,25181.97,26279.38,83.01,0.0746,33514,21.42,valid
single,cache-aside,write-heavy,100,3,417.15,738.26,844.59,1063.38,2922.9,75.72,0,29601,21.42,valid
single,cache-aside,write-heavy,250,3,2033.75,2626.16,2748.13,3030.01,4159.5,79.61,0,31107,21.48,valid
single,cache-aside,write-heavy,500,3,4823.65,5769.02,5961.49,6341.55,7636.88,79.7,0,31157,21.2,valid
single,cache-aside,write-heavy,750,3,7418.87,8653.95,8823.35,9163.21,10637.44,81.8,0,31985,21.87,valid
single,cache-aside,write-heavy,1000,3,10253.19,11796.18,11963.78,12272.65,13672.79,81.42,0,31846,21.99,valid
single,cache-aside,write-heavy,1500,3,15581.57,18047.71,18198.66,18485.33,19816.32,81.83,1.2145,32524,21.96,valid
single,cache-aside,write-heavy,2000,3,21350.2,25596.48,25771.53,26088.17,27234.86,80.16,0.1144,32332,21.48,valid
single,cache-aside,write-heavy,100,4,446.91,791.74,906.9,1161.58,2485.72,73.87,0,28870,21.68,valid
single,cache-aside,write-heavy,250,4,2108.89,2693.34,2812.19,3067.14,4766.34,77.51,0,30259,21.56,valid
single,cache-aside,write-heavy,500,4,4763.29,5622.15,5740.21,6000.08,7473.37,80.5,0,31493,22,valid
single,cache-aside,write-heavy,750,4,7510.76,8741.89,8869.13,9130.24,10561.7,80.96,0,31653,21.72,valid
single,cache-aside,write-heavy,1000,4,10420.54,11971.4,12121.99,12389.15,13555.04,80.21,0,31391,21.84,valid
single,cache-aside,write-heavy,1500,4,16014.32,18551.18,18713.61,19047.18,20872.17,79.72,1.1887,31716,21.61,valid
single,cache-aside,write-heavy,2000,4,21868.03,26104.82,26284.81,26594.49,27813.06,78.24,0.0885,31622,22.07,valid
single,cache-aside,write-heavy,100,5,341.07,606.54,687.6,867.87,1792.73,80.79,0,31566,21.45,valid
single,cache-aside,write-heavy,250,5,1859.16,2368.24,2465,2665.76,3834.33,84.77,0,33126,21.47,valid
single,cache-aside,write-heavy,500,5,4362.17,5180.88,5283.24,5493.59,6329.18,86.88,0,33959,22.02,valid
single,cache-aside,write-heavy,750,5,6981.43,8142.6,8261.67,8490.47,9558.93,86.43,0,33810,22.02,valid
single,cache-aside,write-heavy,1000,5,9437.43,10847.45,10983.6,11247.51,12284.63,87.78,0,34342,21.71,valid
single,cache-aside,write-heavy,1500,5,14795.33,17066.34,17185.86,17410.24,18227.87,86.12,1.0358,34079,21.91,valid
single,cache-aside,write-heavy,2000,5,20028.85,23963.27,24128.28,24443.12,25530.45,85.3,0.0669,34354,21.89,valid
single,read-through,read-heavy,100,1,84.54,166.1,208.12,308.65,601.34,66.2,0,25846,70.18,valid
single,read-through,read-heavy,250,1,1265.11,1635.33,1741.26,1988.42,2986.75,87.78,0,34378,70.83,valid
single,read-through,read-heavy,500,1,3586.45,4251.13,4335.06,4520.24,5519.04,91.55,0,35791,70.67,valid
single,read-through,read-heavy,750,1,5961.93,6904.25,7006.37,7246.09,9009.71,92.18,0,36094,71.47,valid
single,read-through,read-heavy,1000,1,8430.82,9651.82,9801.64,10087.22,10947.65,91.96,0,35977,70.72,valid
single,read-through,read-heavy,1500,1,13538.68,15376.56,15473.49,15667.16,17196.47,90.69,0.0225,35576,70.62,valid
single,read-through,read-heavy,2000,1,18828.68,21239.25,21496.55,21876.25,23204.18,88.84,0.017,35202,70.5,valid
single,read-through,read-heavy,100,2,95.44,189.5,232.58,334.68,666.01,65.78,0,25719,70.53,valid
single,read-through,read-heavy,250,2,1265.72,1616.57,1701.04,1904.11,3208.53,87.79,0,34351,70.64,valid
single,read-through,read-heavy,500,2,3675.92,4332.02,4431.98,4646.84,5905.53,89.83,0,35192,70.8,valid
single,read-through,read-heavy,750,2,6002.65,6960.14,7067.12,7296.34,8842.46,91.73,0,35920,70.83,valid
single,read-through,read-heavy,1000,2,8405.35,9627.41,9730.34,9928.16,11169.41,92.12,0,36062,70.84,valid
single,read-through,read-heavy,1500,2,13835.19,15631.23,15777.7,16025.57,17215.71,89.01,0.0086,34927,70.6,valid
single,read-through,read-heavy,2000,2,18924.23,21563.23,21786.79,22095.49,23509.57,88.39,0.0485,35050,71.12,valid
single,read-through,read-heavy,100,3,85.9,168.8,208.41,293.15,499.74,66.04,0,25829,69.73,valid
single,read-through,read-heavy,250,3,1296.01,1683.84,1771.91,1992.29,3257.88,86.72,0,33942,70.7,valid
single,read-through,read-heavy,500,3,3696.06,4372.45,4471.47,4678.87,6020.69,89.6,0,35046,71.11,valid
single,read-through,read-heavy,750,3,6174.39,7119.76,7224.7,7443.44,9158.67,89.69,0,35106,71.18,valid
single,read-through,read-heavy,1000,3,8458.87,9725.88,9836.73,10066.12,11252.02,91.78,0,35898,70.91,valid
single,read-through,read-heavy,1500,3,13422.52,15351.32,15459.67,15662.19,17430.32,91.47,0.0139,35860,70.56,valid
single,read-through,read-heavy,2000,3,18279.17,20730.25,20845,21069.84,22281.34,91.4,0.0524,36226,70.66,valid
single,read-through,read-heavy,100,4,125.06,254.09,314.82,450.19,991.48,64.13,0,25104,70.14,valid
single,read-through,read-heavy,250,4,1381.65,1790.82,1884.47,2108.36,3434.17,83.71,0,32792,70.32,valid
single,read-through,read-heavy,500,4,3846.34,4567.73,4668.8,4898.07,6169.18,86.88,0,33998,70.65,valid
single,read-through,read-heavy,750,4,6283.65,7318.56,7434.78,7674.62,9153.04,88.42,0,34598,70.27,valid
single,read-through,read-heavy,1000,4,8909.77,10193.11,10303.82,10522.75,11997.53,87.64,0,34307,71.08,valid
single,read-through,read-heavy,1500,4,14482.34,16390.21,16521.26,16772.42,18591.57,85.32,0.0269,33506,70.65,valid
single,read-through,read-heavy,2000,4,19825.01,22388.93,22535.81,22813.2,23985.08,84.69,0.0712,33698,70.99,valid
single,read-through,read-heavy,100,5,88.14,176.71,216.44,306.32,605.31,66.05,0,25798,69.62,valid
single,read-through,read-heavy,250,5,1229.27,1583.6,1658.49,1814.3,3446.12,89.19,0,34894,70.88,valid
single,read-through,read-heavy,500,5,3653.59,4300.22,4390.31,4587.29,5866.99,90.28,0,35319,70.85,valid
single,read-through,read-heavy,750,5,5915.69,6830.45,6926.1,7112.94,7842.2,92.83,0,36342,70.92,valid
single,read-through,read-heavy,1000,5,8286.81,9457.93,9579.79,9792.93,10563.1,93.38,0,36524,70.37,valid
single,read-through,read-heavy,1500,5,13278.49,15110.99,15239.5,15484.5,16368.89,92.49,0.0166,36220,70.87,valid
single,read-through,read-heavy,2000,5,18295.33,20761.36,20864.4,21063.26,22334.1,91.36,0.0276,36220,70.86,valid
single,read-through,write-heavy,100,1,457.05,767.14,863.94,1085.17,2347.02,73.38,0,28677,21.31,valid
single,read-through,write-heavy,250,1,2084.02,2623.8,2727.19,2938.7,4132.17,78.01,0,30495,21.77,valid
single,read-through,write-heavy,500,1,4917.73,5793.71,5903.62,6124.02,7342.3,78.41,0,30625,21.69,valid
single,read-through,write-heavy,750,1,7728.07,8883.86,9007.15,9259.05,10605.87,78.97,0,30881,21.6,valid
single,read-through,write-heavy,1000,1,10561.07,12057.1,12179.3,12415.76,13658.77,79.18,0,31028,21.75,valid
single,read-through,write-heavy,1500,1,16107.09,18754.68,18884.33,19145.46,20151.86,79.23,1.3777,31502,21.86,valid
single,read-through,write-heavy,2000,1,21883.12,26147.59,26357.96,26692.56,27630.85,78.17,0.1232,31665,21.51,valid
single,read-through,write-heavy,100,2,435.65,732.28,829.61,1044.64,2142.51,74.25,0,28968,21.88,valid
single,read-through,write-heavy,250,2,2141.38,2650.25,2745.18,2983.49,4002.57,76.48,0,29920,21.67,valid
single,read-through,write-heavy,500,2,4955.71,5866.57,5986.28,6236.37,7196.84,77.88,0,30457,21.73,valid
single,read-through,write-heavy,750,2,7738.79,9036.14,9190.85,9526.01,11057.79,78.94,0,30849,21.53,valid
single,read-through,write-heavy,1000,2,10676.41,12173.42,12305.54,12565.16,13737.15,78.44,0,30703,21.84,valid
single,read-through,write-heavy,1500,2,16932.31,19807.02,20045.21,20340.83,21444.74,75.56,1.25,30079,21.85,valid
single,read-through,write-heavy,2000,2,22394.01,26873.34,27068.79,27402.04,28973.07,76.4,0.1163,30959,21.85,valid
single,read-through,write-heavy,100,3,430.78,731.35,830.45,1051.42,2233.73,74.71,0,29159,21.79,valid
single,read-through,write-heavy,250,3,2063.44,2569.47,2679,2916.74,4479.16,78.71,0,30791,21.4,valid
single,read-through,write-heavy,500,3,4831.87,5727.08,5862.32,6143.81,7429.11,79.45,0,31081,21.87,valid
single,read-through,write-heavy,750,3,7689.27,8919.87,9054.82,9317.95,10633.17,79.25,0,31008,21.58,valid
single,read-through,write-heavy,1000,3,11026.53,12610.52,12816.56,13160.83,14130.5,76,0,29748,22.05,valid
single,read-through,write-heavy,1500,3,16093.76,18779.21,18941.81,19222.29,20538.26,79.46,1.1153,31562,21.68,valid
single,read-through,write-heavy,2000,3,22159,26030.41,26807.06,27410.44,29458.5,77.28,0.1024,31264,21.49,valid
single,read-through,write-heavy,100,4,491.09,821.55,926.47,1171.34,2574.98,70.96,0,27750,21.85,valid
single,read-through,write-heavy,250,4,2255.12,2807.66,2924.97,3157.03,4759.86,73.62,0,28793,21.6,valid
single,read-through,write-heavy,500,4,5300.86,6253.42,6381.66,6646.8,7947.83,73.33,0,28702,21.75,valid
single,read-through,write-heavy,750,4,8474.42,9904.51,10088.94,10408.04,12333.88,72.64,0,28405,21.25,valid
single,read-through,write-heavy,1000,4,11134.67,12744.04,12921.83,13252.94,14908.09,75.36,0,29518,21.82,valid
single,read-through,write-heavy,1500,4,17114.39,19764.46,19916.33,20185.89,21458.83,74.81,1.394,29843,21.84,valid
single,read-through,write-heavy,2000,4,22965.46,27586.57,27752.77,28045.16,29386.65,74.42,0.1257,30230,21.7,valid
single,read-through,write-heavy,100,5,442.86,749.29,844.36,1047.02,2525.04,74.33,0,29013,21.47,valid
single,read-through,write-heavy,250,5,2105.01,2651.35,2754.18,2957.69,4011.9,77.38,0,30256,22.21,valid
single,read-through,write-heavy,500,5,4930.7,5807.89,5912.06,6124.66,6893.46,78.14,0,30569,21.92,valid
single,read-through,write-heavy,750,5,7868.49,9037.99,9163.29,9390.74,10140.58,77.6,0,30372,21.33,valid
single,read-through,write-heavy,1000,5,10411.1,11903.5,12034.3,12318.13,13348.34,80.26,0,31401,21.41,valid
single,read-through,write-heavy,1500,5,16284.02,18982.69,19121.55,19372.5,20366.31,78.4,1.145,31180,21.78,valid
single,read-through,write-heavy,2000,5,22530.98,26654.99,26854.27,27150.2,28362.23,75.93,0.0585,30790,21.79,valid
single,write-through,read-heavy,100,1,89.6,174.85,217.66,317.82,756.94,65.81,0,25687,69.56,valid
single,write-through,read-heavy,250,1,1235.66,1589.98,1669.63,1851.01,3172.93,88.79,0,34731,70.95,valid
single,write-through,read-heavy,500,1,3545.72,4251.64,4356.78,4581.1,5780.05,92.28,0,36135,71.13,valid
single,write-through,read-heavy,750,1,5882.38,6872.64,6983.23,7208.15,8899.11,93.35,0,36528,70.85,valid
single,write-through,read-heavy,1000,1,8360.18,9538.63,9686.51,10021.63,11544.48,92.65,0,36264,71.1,valid
single,write-through,read-heavy,1500,1,13121.75,14970.2,15117.62,15353.72,16541.89,93.38,0.0246,36607,70.28,valid
single,write-through,read-heavy,2000,1,18243.76,20695.6,20824.6,21048.73,23008.13,91.65,0.0193,36303,70.74,valid
single,write-through,read-heavy,100,2,92.02,181.38,225.79,329.19,870.11,65.92,0,25733,70.19,valid
single,write-through,read-heavy,250,2,1477.97,1906.88,2003.84,2235.12,4179.18,81.01,0,31677,70.68,valid
single,write-through,read-heavy,500,2,4001.66,4782.68,4898.79,5140.28,6910.47,84.34,0,33000,70.62,valid
single,write-through,read-heavy,750,2,6520.89,7587.95,7708.57,7960.11,9652.84,85.81,0,33557,71.02,valid
single,write-through,read-heavy,1000,2,9085.39,10467.74,10644.79,11061,12026.02,86.06,0,33708,71.03,valid
single,write-through,read-heavy,1500,2,14108.47,16020.17,16162.69,16543.49,17859.66,87.39,0.0233,34295,70.71,valid
single,write-through,read-heavy,2000,2,19338.86,21829.58,21974.48,22230.16,23044.92,86.64,0.0232,34412,70.3,valid
single,write-through,read-heavy,100,3,99.9,201.85,253.06,356.96,740.26,65.42,0,25569,70.31,valid
single,write-through,read-heavy,250,3,1256.03,1647.54,1753.21,1981.19,3417.91,88.15,0,34504,70.96,valid
single,write-through,read-heavy,500,3,3408.51,4063.45,4150.46,4327.46,5872.49,94.94,0,37165,71.02,valid
single,write-through,read-heavy,750,3,5941.38,6860.79,6964.72,7191.65,8568.97,92.54,0,36239,70.96,valid
single,write-through,read-heavy,1000,3,8179.82,9454.98,9579.13,9802.53,10959.57,94.37,0,36931,71.2,valid
single,write-through,read-heavy,1500,3,13037.56,14978.63,15084.96,15293.28,16433.93,93.92,0.0217,36800,70.68,valid
single,write-through,read-heavy,2000,3,17877.59,20201.85,20354.25,20623.72,22007.8,93.33,0.0216,36970,70.6,valid
single,write-through,read-heavy,100,4,105.37,206.52,252.57,368.34,796.81,65.12,0,25472,70.24,valid
single,write-through,read-heavy,250,4,1363,1764.11,1853.74,2077.59,3321.65,84.49,0,33074,71.16,valid
single,write-through,read-heavy,500,4,3809.06,4539.03,4642.78,4864.34,6637.49,87.67,0,34277,70.9,valid
single,write-through,read-heavy,750,4,6326.41,7342.17,7444.16,7657.42,9477.64,87.81,0,34383,71,valid
single,write-through,read-heavy,1000,4,8890.78,10189.88,10306.73,10538.92,12398.12,87.94,0,34402,70.25,valid
single,write-through,read-heavy,1500,4,14170.72,16133.92,16265.55,16471.51,17900.58,87.02,0.0117,34167,70.53,valid
single,write-through,read-heavy,2000,4,19471.49,22096.89,22287.01,22569.42,24183.91,86.08,0.0555,34252,70.73,valid
single,write-through,read-heavy,100,5,90.78,180.42,220.31,317.95,613.47,65.6,0,25677,69.76,valid
single,write-through,read-heavy,250,5,1234.39,1599.77,1676.86,1849.28,3062.23,88.78,0,34746,70.04,valid
single,write-through,read-heavy,500,5,3632.46,4300.78,4392.87,4605.07,5801.13,90.7,0,35472,70.96,valid
single,write-through,read-heavy,750,5,6004.35,6988.03,7086,7261.27,8279.71,91.85,0,35929,70.41,valid
single,write-through,read-heavy,1000,5,8492.52,9711.49,9807.87,9985.82,10959.95,91.3,0,35753,70.81,valid
single,write-through,read-heavy,1500,5,13622.16,15487.3,15595.95,15834.9,16932.72,90.2,0.0113,35384,70.8,valid
single,write-through,read-heavy,2000,5,19354.45,21717.94,21877.66,22134.64,23216.65,86.66,0.0262,34358,70.73,valid
single,write-through,write-heavy,100,1,427.88,729.23,824.69,1028.36,2289.02,75.02,0,29304,21.39,valid
single,write-through,write-heavy,250,1,1991.59,2491.98,2590.09,2798.99,4263.81,80.59,0,31498,21.76,valid
single,write-through,write-heavy,500,1,4722.62,5586.19,5709.48,5984.55,7234.51,81,0,31696,21.66,valid
single,write-through,write-heavy,750,1,7527.32,8890.45,9289.46,9737.45,10852.69,80.72,0,31582,22.08,valid
single,write-through,write-heavy,1000,1,10202.66,11719.75,11870.78,12142.08,13983.36,81.74,0,31991,21.72,valid
single,write-through,write-heavy,1500,1,15936.42,18490.72,18634.3,18895.11,19831.84,80.17,1.0732,31868,21.71,valid
single,write-through,write-heavy,2000,1,21480.54,25798.11,25976.77,26273.45,27526.75,79.54,0.087,32185,21.77,valid
single,write-through,write-heavy,100,2,471.39,795.93,895.13,1106.68,1935.03,72.01,0,28147,21.74,valid
single,write-through,write-heavy,250,2,2206.27,2786.34,2905.98,3154.93,4625.46,74.94,0,29267,21.82,valid
single,write-through,write-heavy,500,2,5268.02,6225.68,6361.52,6617.15,7715.07,73.8,0,28856,21.49,valid
single,write-through,write-heavy,750,2,8083.01,9347.82,9497.06,9779.95,11065.84,75.81,0,29653,21.77,valid
single,write-through,write-heavy,1000,2,10972.49,12723.02,12919.53,13237.04,15147.41,76.35,0,29899,21.93,valid
single,write-through,write-heavy,1500,2,17172.28,20038.1,20198.83,20462.45,22214.09,74.48,1.2197,29680,21.67,valid
single,write-through,write-heavy,2000,2,23375.42,28166.41,28385.54,28725.71,29791.17,73.25,0.1447,29721,21.68,valid
single,write-through,write-heavy,100,3,470.22,791.66,894.71,1129.27,2097.6,72.75,0,28374,21.95,valid
single,write-through,write-heavy,250,3,2188.39,2751.07,2860.99,3103.62,4386.72,75.33,0,29436,21.44,valid
single,write-through,write-heavy,500,3,5024.37,5932.81,6051.91,6298.66,7760.47,76.89,0,30094,21.42,valid
single,write-through,write-heavy,750,3,7991.23,9261.33,9407.87,9686.83,11773.32,76.6,0,29967,21.45,valid
single,write-through,write-heavy,1000,3,10791.81,12425.69,12592.38,12896.71,14307.42,77.54,0,30412,21.8,valid
single,write-through,write-heavy,1500,3,16529.2,19402.28,19611.86,19965.44,21279.95,77.32,1.3154,30789,21.58,valid
single,write-through,write-heavy,2000,3,22721.89,27241.34,27416.64,27715.95,28831.51,75.27,0.1209,30597,21.37,valid
single,write-through,write-heavy,100,4,497.43,821.36,918.76,1145.49,2330.28,71.03,0,27729,21.63,valid
single,write-through,write-heavy,250,4,2231.18,2797.77,2902.38,3128.92,4445.16,74.16,0,28993,21.59,valid
single,write-through,write-heavy,500,4,5157.53,6090.22,6214.65,6457.49,7643.14,75.14,0,29402,21.53,valid
single,write-through,write-heavy,750,4,8116.66,9379.59,9507.1,9746.12,11006.52,75.46,0,29524,21.59,valid
single,write-through,write-heavy,1000,4,11420.26,12984.35,13119.41,13381.27,14724.62,73.58,0,28855,21.41,valid
single,write-through,write-heavy,1500,4,17350.31,20086.72,20242.65,20553.31,22075.17,73.7,1.2902,29452,21.59,valid
single,write-through,write-heavy,2000,4,23298.45,28094.41,28338.7,28700.09,30001.04,73.39,0.104,29817,21.5,valid
single,write-through,write-heavy,100,5,448.78,750.29,834.67,1022.15,2003.73,73.66,0,28755,21.74,valid
single,write-through,write-heavy,250,5,2141.88,2672.9,2766.23,2963.26,3929.49,76.54,0,29880,21.58,valid
single,write-through,write-heavy,500,5,4967.33,5843.92,5947.76,6147.5,7087.48,77.76,0,30394,21.8,valid
single,write-through,write-heavy,750,5,7779.89,9022.33,9137.92,9363.86,10536.86,78.55,0,30692,21.75,valid
single,write-through,write-heavy,1000,5,10786.95,12387.18,12531.8,12772.06,14198.97,77.62,0,30385,21.64,valid
single,write-through,write-heavy,1500,5,16459.56,19059.12,19208.78,19497.83,20913.3,77.59,1.1688,30886,22.1,valid
single,write-through,write-heavy,2000,5,22387.78,26863.05,27006.6,27243.26,27788.65,76.4,0.1131,30940,21.63,valid
cluster,no-cache,read-heavy,100,1,282.71,541.11,630.02,824.16,1657.28,57.5,0,22492,0,valid
cluster,no-cache,read-heavy,250,1,2290.18,2934.39,3083.38,3389.47,6092.3,62.65,0,24474,0,valid
cluster,no-cache,read-heavy,500,1,5715.76,6765.62,6908.28,7200.2,8851.8,63.66,0,24931,0,valid
cluster,no-cache,read-heavy,750,1,8935.96,10331.06,10474.29,10760.47,12271.57,65.48,0,25663,0,valid
cluster,no-cache,read-heavy,1000,1,12297.36,14020.35,14191.15,14563.92,16251,66.11,0,25869,0,valid
cluster,no-cache,read-heavy,1500,1,19164.26,22177.33,22361.33,22709.82,24232.16,65.58,0.2151,26033,0,valid
cluster,no-cache,read-heavy,2000,1,26049.35,29816.17,30000.17,30000.98,30057.2,64.92,6.3082,26299,0,saturated
cluster,no-cache,read-heavy,100,2,237.37,471.46,553.51,719.52,1421.79,59.22,0,23155,0,valid
cluster,no-cache,read-heavy,250,2,2076.93,2639.51,2769.04,3058.47,4319.18,66.35,0,25951,0,valid
cluster,no-cache,read-heavy,500,2,5351.28,6495.62,6688.96,7009.36,8355.25,67.05,0,26280,0,valid
cluster,no-cache,read-heavy,750,2,8468.22,9890.97,10081.35,10413.73,11892.6,68.71,0,26886,0,valid
cluster,no-cache,read-heavy,1000,2,11786.37,13589.34,13778.77,14108.39,15552.95,68.56,0,26851,0,valid
cluster,no-cache,read-heavy,1500,2,18857.5,21784.54,21953.31,22234.18,23456.86,66.52,0.2083,26406,0,valid
cluster,no-cache,read-heavy,2000,2,25693.17,29312.49,29452.59,29725.57,30021.02,65.8,0.2326,26659,0,valid
cluster,no-cache,read-heavy,100,3,230.86,451.5,536.21,712.58,1302.44,59.58,0,23293,0,valid
cluster,no-cache,read-heavy,250,3,2068.72,2611.87,2722.77,2993.01,4484.84,66.61,0,26048,0,valid
cluster,no-cache,read-heavy,500,3,5350.46,6270.29,6389.58,6661.58,8308.14,67.22,0,26310,0,valid
cluster,no-cache,read-heavy,750,3,8445.19,9769.53,9887.17,10124.05,11565.86,68.86,0,26955,0,valid
cluster,no-cache,read-heavy,1000,3,11360.39,13062.58,13200.11,13477.14,14724,70.86,0,27720,0,valid
cluster,no-cache,read-heavy,1500,3,18323.43,21082.67,21244.85,21565.44,23056.04,68.38,0.1994,27084,0,valid
cluster,no-cache,read-heavy,2000,3,24814.98,28373.21,28629.37,29122.79,30000.92,68.1,0.0912,27410,0,valid
cluster,no-cache,read-heavy,100,4,277.17,545.13,636.42,826.12,1645.92,58.01,0,22653,0,valid
cluster,no-cache,read-heavy,250,4,2134.59,2729.72,2859.09,3186.33,4843.73,65.41,0,25578,0,valid
cluster,no-cache,read-heavy,500,4,5390.94,6387.62,6508.56,6775.83,8272.87,66.8,0,26154,0,valid
cluster,no-cache,read-heavy,750,4,8899.71,10303.35,10451.19,10717.41,12808.93,65.82,0,25756,0,valid
cluster,no-cache,read-heavy,1000,4,11931.04,13702.99,13865.08,14155.61,16000.15,67.92,0,26565,0,valid
cluster,no-cache,read-heavy,1500,4,19139.68,21774.65,21958.57,22312.6,23986.99,65.65,0.196,26024,0,valid
cluster,no-cache,read-heavy,2000,4,25867.76,29711.82,29882.76,30000.65,30041.93,65.42,2.7761,26440,0,valid
cluster,no-cache,read-heavy,100,5,313.76,603.19,713.57,963.58,2324.74,56.43,0,22039,0,valid
cluster,no-cache,read-heavy,250,5,2274.72,2902.09,3025.64,3328,4725,62.7,0,24522,0,valid
cluster,no-cache,read-heavy,500,5,5617.58,6682.02,6839.03,7168.57,8698.15,64.66,0,25268,0,valid
cluster,no-cache,read-heavy,750,5,9340.51,10832.82,10995.02,11334.17,12821.15,63.16,0,24701,0,valid
cluster,no-cache,read-heavy,1000,5,12852.98,14827.36,15025.08,15336.63,16313.55,63.52,0,24853,0,valid
cluster,no-cache,read-heavy,1500,5,20063.7,22832.19,23082.11,23563.69,24896.83,62.7,0.3768,24947,0,valid
cluster,no-cache,read-heavy,2000,5,26578.17,30000.77,30001.01,30013.13,30101.12,63.61,33.169,25765,0,saturated
cluster,no-cache,write-heavy,100,1,709.89,1090.56,1202.15,1467.31,3024.92,60.47,0,23599,0,valid
cluster,no-cache,write-heavy,250,1,2671.68,3302.42,3419.18,3663.58,4837.84,64.72,0,25281,0,valid
cluster,no-cache,write-heavy,500,1,6457.88,7562.03,7720.78,8063.75,9764.54,61.84,0,24152,0,valid
cluster,no-cache,write-heavy,750,1,9961.3,11546.62,11706.5,12010.37,13714.95,62.71,0,24517,0,valid
cluster,no-cache,write-heavy,1000,1,13361.11,15264.1,15448.69,15807.79,17282.88,63.39,0,24991,0,valid
cluster,no-cache,write-heavy,1500,1,20634.29,24186.68,24369.41,24687.07,25750.6,62.14,1.761,25042,0,valid
cluster,no-cache,write-heavy,2000,1,26606.85,30000.93,30001.39,30014.95,30122.52,63.99,59.0327,26238,0,saturated
cluster,no-cache,write-heavy,100,2,847.95,1337.52,1482.72,1859.78,3428.73,55.08,0,21550,0,valid
cluster,no-cache,write-heavy,250,2,3058.9,3845.8,4004.25,4363.42,6079.55,58.22,0,22745,0,valid
cluster,no-cache,write-heavy,500,2,6931.41,8205.96,8402.01,8787.9,11034.71,57.95,0,22664,0,valid
cluster,no-cache,write-heavy,750,2,10372.59,12082.73,12332.2,12875.15,14843.96,60.34,0,23605,0,valid
cluster,no-cache,write-heavy,1000,2,14189.66,16227.91,16395.59,16712.2,18241.1,59.8,0,23643,0,valid
cluster,no-cache,write-heavy,1500,2,21126.39,24740.91,24925.61,25243.44,27006.16,60.77,1.5921,24496,0,valid
cluster,no-cache,write-heavy,2000,2,27109.47,30001.04,30004.9,30017.5,30070.47,62.48,80.0124,25726,0,saturated
cluster,no-cache,write-heavy,100,3,631.88,996.37,1100.3,1360.02,3705.37,63.76,0,24910,0,valid
cluster,no-cache,write-heavy,250,3,2589.77,3205.97,3322.67,3559.74,5124.58,66.37,0,25930,0,valid
cluster,no-cache,write-heavy,500,3,6041.45,7062.3,7237.88,7575.93,8734.41,65.43,0,25594,0,valid
cluster,no-cache,write-heavy,750,3,9206.7,10622.65,10765.28,11072.57,12637.87,67.34,0,26340,0,valid
cluster,no-cache,write-heavy,1000,3,12614.6,14308.16,14449.97,14726.03,17095.76,67.02,0,26334,0,valid
cluster,no-cache,write-heavy,1500,3,19737.68,22692.18,23034.34,24864.96,25838.22,64.21,1.3318,26281,0,valid
cluster,no-cache,write-heavy,2000,3,25679.35,30000.69,30000.9,30006.76,30058.35,66.6,31.0686,27156,0,saturated
cluster,no-cache,write-heavy,100,4,705.21,1087.24,1199.91,1455.23,4143.62,60.73,0,23704,0,valid
cluster,no-cache,write-heavy,250,4,2899.76,3612.82,3790.43,4587.2,6347.76,60.68,0,23705,0,valid
cluster,no-cache,write-heavy,500,4,7095.56,7775.33,8271.73,30001.05,30043.25,56.7,2.2553,22170,0,valid
cluster,no-cache,write-heavy,750,4,9923.89,11449.16,11667.63,12127.8,13940.81,62.96,0,24603,0,valid
cluster,no-cache,write-heavy,1000,4,14412.08,16625.98,16879.42,17270.45,18431.17,58.99,0,23272,0,valid
cluster,no-cache,write-heavy,1500,4,20716.11,24348.38,24558.71,24903.82,26093.24,62,1.5327,24923,0,valid
cluster,no-cache,write-heavy,2000,4,26415.06,30000.9,30001.13,30013.58,30085.66,64.48,57.2862,26406,0,saturated
cluster,no-cache,write-heavy,100,5,772.34,1234.43,1369.55,1700.79,3556.28,58.26,0,22782,0,valid
cluster,no-cache,write-heavy,250,5,3022.14,3798.31,3980.57,4338.06,5863.34,58.64,0,22925,0,valid
cluster,no-cache,write-heavy,500,5,6701.55,7976.73,8173.65,8540.91,10328.97,59.82,0,23389,0,valid
cluster,no-cache,write-heavy,750,5,10454.43,12138,12358.67,12886.56,14892.78,59.95,0,23461,0,valid
cluster,no-cache,write-heavy,1000,5,14124.81,16423.69,16665.4,17106.16,18739.06,60.03,0,23721,0,valid
cluster,no-cache,write-heavy,1500,5,22285.09,26778.82,27153.9,27694.89,28973.32,57.62,1.7738,23284,0,valid
cluster,no-cache,write-heavy,2000,5,27499.7,30001.08,30004.78,30020.45,30083.9,60.94,82.3791,25396,0,saturated
cluster,cache-aside,read-heavy,100,1,138.39,289.81,352.38,490.7,1359.37,63.45,0,24834,69.93,valid
cluster,cache-aside,read-heavy,250,1,1640.59,2153.96,2282.04,2562.04,4159.86,76.47,0,29908,70.26,valid
cluster,cache-aside,read-heavy,500,1,4473.75,5342.07,5473.11,5758.36,7162.25,77.29,0,30281,70.55,valid
cluster,cache-aside,read-heavy,750,1,7133.12,8304.12,8489.66,8865.62,10037.4,79.5,0,31119,69.94,valid
cluster,cache-aside,read-heavy,1000,1,10086,11582.03,11779.5,12175.6,15151.62,78.7,0,30797,71.12,valid
cluster,cache-aside,read-heavy,1500,1,16077.13,18596.31,18827.04,19257.27,20740.76,77.35,0.0689,30499,70.8,valid
cluster,cache-aside,read-heavy,2000,1,22022.11,25189.14,25375.54,25738.5,27607.86,76.48,0.0426,30518,70.5,valid
cluster,cache-aside,read-heavy,100,2,150.98,313.93,382.61,533.49,989.76,63.17,0,24636,70.37,valid
cluster,cache-aside,read-heavy,250,2,1685.46,2201.66,2330.39,2641.29,4025.2,75.3,0,29460,70.02,valid
cluster,cache-aside,read-heavy,500,2,4520.11,5430.48,5588.41,5887.2,7896.99,76.7,0,30023,70.14,valid
cluster,cache-aside,read-heavy,750,2,7575.22,8898.57,9082.08,9440.06,11208.96,75.62,0,29576,70.37,valid
cluster,cache-aside,read-heavy,1000,2,10664.29,12311.65,12469.68,12798.14,14584.09,74.87,0,29319,70.55,valid
cluster,cache-aside,read-heavy,1500,2,17176.71,19610.12,20025.79,20666.72,22149.42,72.62,0.1492,28813,70.51,valid
cluster,cache-aside,read-heavy,2000,2,23270.18,26630.58,26845.48,27241.68,28902.23,72.54,0.0755,29129,69.56,valid
cluster,cache-aside,read-heavy,100,3,187.81,393.95,487.05,677.92,1263.5,61.33,0,23970,69.71,valid
cluster,cache-aside,read-heavy,250,3,1565.81,2019.51,2139.37,2399.86,3942.24,78.43,0,30688,69.8,valid
cluster,cache-aside,read-heavy,500,3,4121.67,4872.44,4987.44,5237.29,6361.96,82.48,0,32265,71.01,valid
cluster,cache-aside,read-heavy,750,3,7046.54,8126.02,8325.83,8714.37,9827.98,80.37,0,31425,70.4,valid
cluster,cache-aside,read-heavy,1000,3,9908.97,11360.5,11691.33,12756.77,14671.26,79.87,0,31259,70.67,valid
cluster,cache-aside,read-heavy,1500,3,16958.64,19347.93,19526.23,19863.07,21699.65,73.68,0.1171,29039,70.63,valid
cluster,cache-aside,read-heavy,2000,3,24099.2,30000.46,30000.84,30009.57,30097.38,70.1,18.6547,28127,70.19,saturated
cluster,cache-aside,read-heavy,100,4,143.6,300.92,367.24,513.6,1515.13,63.51,0,24797,70.4,valid
cluster,cache-aside,read-heavy,250,4,1925.79,2310.93,2527.83,3568.21,30009.48,69.56,0.125,27205,70.56,valid
cluster,cache-aside,read-heavy,500,4,4485.96,5293.72,5422.04,5705.17,7353.72,77.26,0,30244,70.94,valid
cluster,cache-aside,read-heavy,750,4,7248.47,8297.91,8444.13,8773.15,9962.75,78.5,0,30696,71.14,valid
cluster,cache-aside,read-heavy,1000,4,10119.79,11668.14,11863.96,12201.73,13848.64,78.47,0,30695,70.35,valid
cluster,cache-aside,read-heavy,1500,4,16365.01,18619.57,18878.16,19383.26,21070.06,76.19,0.06,29986,70.2,valid
cluster,cache-aside,read-heavy,2000,4,21602.07,24500.13,24682.57,25276.99,27145.85,77.93,0.0417,31174,70.52,valid
cluster,cache-aside,read-heavy,100,5,172.33,357.87,440.18,625.68,1273.86,62.03,0,24250,70.06,valid
cluster,cache-aside,read-heavy,250,5,1767.66,2323.52,2449.22,2754.52,4413.66,73.26,0,28692,70.01,valid
cluster,cache-aside,read-heavy,500,5,4366.99,5215.58,5346.05,5621.09,6733.91,78.87,0,30872,70.2,valid
cluster,cache-aside,read-heavy,750,5,7139.61,8257.21,8375.81,8630.51,9953.15,79.35,0,31070,70.17,valid
cluster,cache-aside,read-heavy,1000,5,10377.97,11341.67,11529.15,30000.89,30022.42,75.18,1.7588,30930,69.93,valid
cluster,cache-aside,read-heavy,1500,5,16054.24,18323.36,18506.98,18834.18,20739.58,77.51,0.0361,30503,70.85,valid
cluster,cache-aside,read-heavy,2000,5,21378.5,24167.48,24409.69,24810.68,26729.14,78.78,0.0413,31469,70.72,valid
cluster,cache-aside,write-heavy,100,1,699,1159.19,1291.29,1602.56,3232.03,61.43,0,23961,21.05,valid
cluster,cache-aside,write-heavy,250,1,2590.51,3275.35,3406.96,3672.46,4965.64,66.32,0,25918,21.14,valid
cluster,cache-aside,write-heavy,500,1,5757.96,6770.63,6898.72,7167.36,8232.76,68.44,0,26733,21.47,valid
cluster,cache-aside,write-heavy,750,1,9083.59,10518.54,10683.32,10994.85,12115.58,68.2,0,26685,21.46,valid
cluster,cache-aside,write-heavy,1000,1,12277.64,14116.75,14295.92,14617.79,15823.66,68.68,0,27042,21.57,valid
cluster,cache-aside,write-heavy,1500,1,18776.83,21863.47,22088.31,22495.45,24278.95,68.23,1.3985,27315,21.68,valid
cluster,cache-aside,write-heavy,2000,1,25432.88,30000.22,30000.67,30001.62,30053.18,67.18,13.688,27484,22.21,saturated
cluster,cache-aside,write-heavy,100,2,642.1,1082.62,1222.18,1529.72,4149.87,63.04,0,24642,21.86,valid
cluster,cache-aside,write-heavy,250,2,2622.41,3334.24,3483.74,3789.24,5020.54,65.68,0,25678,21.54,valid
cluster,cache-aside,write-heavy,500,2,6080.49,7232.69,7432.31,7828.46,10101.73,65.23,0,25474,21.17,valid
cluster,cache-aside,write-heavy,750,2,9550.48,11070.4,11363.72,11859.76,12841,65.05,0,25457,21.4,valid
cluster,cache-aside,write-heavy,1000,2,12610.99,14599.43,14845.25,15353.67,16524.41,66.86,0,26382,21.34,valid
cluster,cache-aside,write-heavy,1500,2,19417.7,22637.19,22902.92,23320.84,24880.03,65.97,1.5432,26503,21.7,valid
cluster,cache-aside,write-heavy,2000,2,26046.95,30000.74,30000.96,30011.36,30083.83,65.44,32.1247,26780,23.55,saturated
cluster,cache-aside,write-heavy,100,3,694.21,1181.39,1332.92,1663.41,3194.08,61.26,0,23944,21.23,valid
cluster,cache-aside,write-heavy,250,3,2715.63,3486.86,3658.07,3999.17,5268.49,63.74,0,24941,21.63,valid
cluster,cache-aside,write-heavy,500,3,6086,7227.55,7397.82,7736.58,9111.74,65.14,0,25461,21.82,valid
cluster,cache-aside,write-heavy,750,3,9610.73,11156.51,11348.03,11720.3,13527.83,64.74,0,25314,21.72,valid
cluster,cache-aside,write-heavy,1000,3,13323.35,15365.85,15575.51,15971.24,17754.12,63.43,0,25023,21.37,valid
cluster,cache-aside,write-heavy,1500,3,20779.98,24476.84,24770.44,25238.83,27338.21,61.72,1.5723,24868,21.67,valid
cluster,cache-aside,write-heavy,2000,3,26379.54,30000.92,30001.39,30015.09,30068.91,64.29,52.6684,26439,24.86,saturated
cluster,cache-aside,write-heavy,100,4,656.01,1104,1236.1,1514.02,2667.5,62.91,0,24550,21.29,valid
cluster,cache-aside,write-heavy,250,4,2722.25,3462.19,3619.83,3916.74,5486.95,63.77,0,24959,21.17,valid
cluster,cache-aside,write-heavy,500,4,5952.22,7062.38,7221.9,7508.69,9133.99,66.32,0,25937,22.14,valid
cluster,cache-aside,write-heavy,750,4,9305.52,10744.13,10900.29,11216.26,13480.97,66.74,0,26090,21.76,valid
cluster,cache-aside,write-heavy,1000,4,12394.3,14310.29,14486.89,14829.02,16077.48,68.08,0,26808,21.58,valid
cluster,cache-aside,write-heavy,1500,4,19495.28,22860.09,23086.24,23580.34,25301.06,65.73,1.6508,26411,21.75,valid
cluster,cache-aside,write-heavy,2000,4,26129.85,30000.78,30000.98,30011.17,30074.65,65.36,36.5418,26742,24.1,saturated
cluster,cache-aside,write-heavy,100,5,641.55,1084.51,1207.76,1468.55,2643.88,63.49,0,24800,21.64,valid
cluster,cache-aside,write-heavy,250,5,2635.44,3321.74,3448.49,3694.97,6955.52,65.31,0,25524,22.13,valid
cluster,cache-aside,write-heavy,500,5,6064.86,7146.24,7299.37,7584.44,8450.73,65.24,0,25516,21.54,valid
cluster,cache-aside,write-heavy,750,5,9401.85,10860.81,11034.4,11416.05,13102.87,66.18,0,25876,21.37,valid
cluster,cache-aside,write-heavy,1000,5,12510.9,14301.65,14444.36,14716.44,16594.02,67.43,0,26530,21.96,valid
cluster,cache-aside,write-heavy,1500,5,19398.34,22623.88,22819.87,23167.3,24128.39,66.07,1.4727,26550,21.68,valid
cluster,cache-aside,write-heavy,2000,5,26017.08,30000.74,30000.94,30008.65,30074.56,65.36,33.5059,26843,23.47,saturated
cluster,read-through,read-heavy,100,1,154.71,312.69,379.15,517.44,1127.3,62.92,0,24576,70.58,valid
cluster,read-through,read-heavy,250,1,1729.44,2207.69,2308.43,2541.25,3725.15,74.23,0,28991,70.14,valid
cluster,read-through,read-heavy,500,1,4571.66,5390.13,5503.27,5738.94,6913.94,76.16,0,29791,70.65,valid
cluster,read-through,read-heavy,750,1,7684.83,8767.57,9097.82,9779.12,11158.57,74.67,0,29235,70.67,valid
cluster,read-through,read-heavy,1000,1,10459.65,11941.45,12087.27,12405.15,13791.68,76.2,0,29824,70.27,valid
cluster,read-through,read-heavy,1500,1,17087.45,19310.72,19503.91,19841.89,21351.74,73.09,0.0484,28910,70.11,valid
cluster,read-through,read-heavy,2000,1,22651.45,25845.99,26008.05,26345.35,27224.41,74.48,0.0403,29771,70.22,valid
cluster,read-through,read-heavy,100,2,190.2,380.97,459.52,633.44,1287.76,61.37,0,23961,69.3,valid
cluster,read-through,read-heavy,250,2,1848.51,2389.12,2522.9,2826.56,4594.02,71.25,0,27899,70.28,valid
cluster,read-through,read-heavy,500,2,4787.49,5681.33,5826.14,6104.2,7533.63,73.38,0,28743,70.82,valid
cluster,read-through,read-heavy,750,2,7728.06,8938.01,9080.94,9366.66,10793.65,74.17,0,29046,70.3,valid
cluster,read-through,read-heavy,1000,2,11132.03,12862.97,13550.64,14249.21,15592.72,72.12,0,28228,70.91,valid
cluster,read-through,read-heavy,1500,2,16622.43,19004.43,19166.13,19436.12,20622.46,74.95,0.0676,29602,70.29,valid
cluster,read-through,read-heavy,2000,2,25269.11,28800.91,29153.7,29611.96,30010.86,66.91,0.2004,26943,70.06,valid
cluster,read-through,read-heavy,100,3,194.98,385.1,462.29,645.78,1387.71,61.01,0,23826,70.28,valid
cluster,read-through,read-heavy,250,3,1935.94,2516.17,2658.94,2979.09,4417.47,69.39,0,27158,70.53,valid
cluster,read-through,read-heavy,500,3,5059.24,5964.93,6104.01,6368.58,7786.95,70.21,0,27481,70.15,valid
cluster,read-through,read-heavy,750,3,8179.3,9468.82,9627.02,9936.17,11585.37,70.76,0,27708,69.48,valid
cluster,read-through,read-heavy,1000,3,11375.05,12989.69,13176.07,13502.44,14949.6,70.76,0,27694,70.15,valid
cluster,read-through,read-heavy,1500,3,18395.53,20980.8,21329.83,21919.82,22833,68.17,0.1112,26988,70.16,valid
cluster,read-through,read-heavy,2000,3,24662.59,28386.51,28832,29319.23,30002.87,68.44,0.0581,27548,70.11,valid
cluster,read-through,read-heavy,100,4,214.38,445.56,547.41,766.07,1607.54,60.37,0,23579,69.81,valid
cluster,read-through,read-heavy,250,4,1832.59,2342.84,2453.55,2708.73,5018.73,71.64,0,28063,70.29,valid
cluster,read-through,read-heavy,500,4,4784.5,5581.12,5695.34,5932.47,7311.91,73.48,0,28746,70.18,valid
cluster,read-through,read-heavy,750,4,7740.02,8924.1,9046.9,9308.45,10868.96,74.19,0,29032,70.09,valid
cluster,read-through,read-heavy,1000,4,10612.01,12143.8,12265.38,12510.16,14639.14,75.17,0,29464,70.06,valid
cluster,read-through,read-heavy,1500,4,17100.16,19398.34,19566.36,19856.77,21275.37,73.03,0.0416,28844,70.44,valid
cluster,read-through,read-heavy,2000,4,23175.07,26393.65,26595.56,26884.88,28097.95,72.78,0.0582,29232,70.59,valid
cluster,read-through,read-heavy,100,5,192.49,389.95,466.81,616.87,1410.26,61.19,0,23908,69.72,valid
cluster,read-through,read-heavy,250,5,1785.49,2285.83,2392.63,2617.78,4120.35,72.72,0,28455,70.28,valid
cluster,read-through,read-heavy,500,5,4762.37,5632.14,5747.85,6019.63,7314.83,73.58,0,28817,70.2,valid
cluster,read-through,read-heavy,750,5,7757.63,8991.4,9112.3,9360.27,10592.75,74,0,28972,70.16,valid
cluster,read-through,read-heavy,1000,5,10827.89,12210.63,12437.74,13061.02,14151.06,73.91,0,28932,70.59,valid
cluster,read-through,read-heavy,1500,5,17551.76,20021.17,20228.15,20577.92,22113.64,71.19,0.0711,28119,70.75,valid
cluster,read-through,read-heavy,2000,5,23419.92,26593.81,26760.23,27074.38,28071.42,72.07,0.0346,28933,70.7,valid
cluster,read-through,write-heavy,100,1,698.88,1139.2,1268.58,1566.79,3004.73,60.99,0,23829,21.32,valid
cluster,read-through,write-heavy,250,1,2746.43,3486.8,3637.84,3927.74,5547.71,63.39,0,24769,21.48,valid
cluster,read-through,write-heavy,500,1,6211.34,7461.99,7646.76,7976.46,9405.71,63.88,0,25001,21.3,valid
cluster,read-through,write-heavy,750,1,9807.71,11352.34,11558.15,11935.94,13966.68,63.52,0,24858,21.38,valid
cluster,read-through,write-heavy,1000,1,13594.31,15398.55,15568.07,15899.66,17257.15,62.26,0.0041,24590,21.3,valid
cluster,read-through,write-heavy,1500,1,22669.07,30000.47,30000.79,30002.63,30071.72,56.69,19.4254,22800,22.93,saturated
cluster,read-through,write-heavy,2000,1,26401.76,30000.87,30001.04,30011.26,30071.2,64.45,50.9797,26436,24.5,saturated
cluster,read-through,write-heavy,100,2,794.72,1286.01,1429.46,1750.52,3059.13,57.12,0,22303,21.54,valid
cluster,read-through,write-heavy,250,2,2994.5,3778.28,3937.18,4276.47,5853.19,59.05,0,23113,21.25,valid
cluster,read-through,write-heavy,500,2,6783.99,8050.81,8239.39,8609.33,9634.68,59.16,0,23114,21.24,valid
cluster,read-through,write-heavy,750,2,10431.65,11924.56,12187.58,12687.68,13856.66,60.09,0,23523,21.26,valid
cluster,read-through,write-heavy,1000,2,13969.58,16214.43,16447.53,16844.41,18353.33,60.7,0,23988,21.52,valid
cluster,read-through,write-heavy,1500,2,21310.37,24824.85,25002.07,25354.25,27080.53,60.11,1.2987,24332,21.65,valid
cluster,read-through,write-heavy,2000,2,26761.83,30000.97,30001.71,30015.52,30116.23,63.46,71.0368,26002,25.81,saturated
cluster,read-through,write-heavy,100,3,821.07,1330.67,1470.79,1791.89,3527.77,56.3,0,21974,21.75,valid
cluster,read-through,write-heavy,250,3,3050.76,3850.36,4018.88,4355.86,6443.85,58.32,0,22781,21.45,valid
cluster,read-through,write-heavy,500,3,7061.99,8349.19,8555.37,8959.85,10399.38,57.08,0,22299,21.39,valid
cluster,read-through,write-heavy,750,3,10353.61,11987.5,12143.19,12460.97,13795.16,60.44,0,23660,21.67,valid
cluster,read-through,write-heavy,1000,3,13895.74,15841.56,16028.01,16363.22,17982.49,61.03,0,24101,21.48,valid
cluster,read-through,write-heavy,1500,3,21236.4,24605.2,24803.86,25132.26,27666.18,60.37,1.5569,24408,21.54,valid
cluster,read-through,write-heavy,2000,3,26890.66,30000.96,30001.54,30014.34,30064.37,63.45,68.5263,25901,25.83,saturated
cluster,read-through,write-heavy,100,4,856.97,1375.56,1528.74,1867.64,4181.73,55.04,0,21482,21.33,valid
cluster,read-through,write-heavy,250,4,2787.41,3479.91,3609.93,3872.76,5487.27,62.59,0,24487,21.84,valid
cluster,read-through,write-heavy,500,4,6283.03,7416.76,7563.09,7854.29,9426.64,63.29,0,24732,21.79,valid
cluster,read-through,write-heavy,750,4,9612.52,11111.9,11268.7,11551.15,13083.75,64.75,0,25322,21.64,valid
cluster,read-through,write-heavy,1000,4,13076.61,14929.18,15096.69,15392.62,17808.94,64.66,0,25450,22.02,valid
cluster,read-through,write-heavy,1500,4,20173.1,23599.08,23786.64,24120.69,25445.04,63.48,1.4124,25559,21.65,valid
cluster,read-through,write-heavy,2000,4,26725.42,30000.87,30001.04,30011.59,30095.32,63.77,51.8236,26102,24.79,saturated
cluster,read-through,write-heavy,100,5,729.74,1175.5,1304.74,1573.76,2788.67,59.75,0,23372,21.57,valid
cluster,read-through,write-heavy,250,5,2902.23,3627.78,3774.91,4040.23,5216.2,60.64,0,23695,21.99,valid
cluster,read-through,write-heavy,500,5,6310.55,7417.39,7555.42,7839.5,8955.95,63.08,0,24638,21.26,valid
cluster,read-through,write-heavy,750,5,9909.98,11382.15,11556.16,11911.68,13488.75,63,0,24634,21.93,valid
cluster,read-through,write-heavy,1000,5,13353.18,15274.26,15440.19,15729.64,16779.74,63.39,0,25005,21.79,valid
cluster,read-through,write-heavy,1500,5,20562.87,23825.5,24015.64,24401.88,25687.15,62.36,1.3013,25128,21.99,valid
cluster,read-through,write-heavy,2000,5,27176.98,30000.96,30001.37,30013.66,30073.45,62.6,74.0858,25596,26.13,saturated
cluster,write-through,read-heavy,100,1,212.94,453.56,555.95,802.31,2018.78,60.39,0,23605,69.68,valid
cluster,write-through,read-heavy,250,1,1790.67,2306.01,2419.11,2680.69,4165.71,72.78,0,28448,70.25,valid
cluster,write-through,read-heavy,500,1,4895.96,5794.46,5948.68,6252.26,7422.36,72.12,0,28219,70.01,valid
cluster,write-through,read-heavy,750,1,7754.95,9040.32,9203.31,9521.81,11040.17,74.1,0,28994,70.91,valid
cluster,write-through,read-heavy,1000,1,10840.97,12492.75,12677.35,13000.22,14189.77,73.85,0,28906,70.47,valid
cluster,write-through,read-heavy,1500,1,17397.8,19946.59,20127.52,20452.47,21702.74,71.86,0.081,28409,70.75,valid
cluster,write-through,read-heavy,2000,1,23618.75,26892.96,27216.3,27714,28803.13,71.32,0.0313,28740,70.71,valid
cluster,write-through,read-heavy,100,2,185.98,393.51,469.33,620.54,1408.46,61.43,0,24010,70.19,valid
cluster,write-through,read-heavy,250,2,1934.12,2486.33,2612.43,2881.51,5028.32,69.39,0,27143,70.73,valid
cluster,write-through,read-heavy,500,2,4961.37,5958.74,6743,7707.68,15358.97,71.38,0,27904,70.24,valid
cluster,write-through,read-heavy,750,2,7705.01,8861.92,9002.36,9287.23,10540.01,74.51,0,29147,70.48,valid
cluster,write-through,read-heavy,1000,2,10756.81,12335.47,12519.72,12858.62,14851.15,74.37,0,29109,70.36,valid
cluster,write-through,read-heavy,1500,2,17466.37,20318,21008.67,21983.68,23694.53,71.56,0.23,28259,70.22,valid
cluster,write-through,read-heavy,2000,2,23228.12,26501.87,26673.14,26979.19,28327.83,72.61,0.0856,29191,70.42,valid
cluster,write-through,read-heavy,100,3,193.58,387.62,463.46,622.94,1300.9,61.15,0,23886,69.85,valid
cluster,write-through,read-heavy,250,3,1906.84,2450.82,2574.98,2841.58,4327.82,69.98,0,27380,70.13,valid
cluster,write-through,read-heavy,500,3,4977.78,5940.59,6122.87,6462.88,8157.91,71.19,0,27852,70.48,valid
cluster,write-through,read-heavy,750,3,7861.65,9050.47,9201.64,9504.93,10725.41,73.13,0,28635,70.23,valid
cluster,write-through,read-heavy,1000,3,11375.14,13136.3,13350.87,13674.64,14915.56,70.69,0,27702,69.85,valid
cluster,write-through,read-heavy,1500,3,17721.99,20177.39,20306.7,20587.52,22911.56,70.58,0.0824,27907,70.2,valid
cluster,write-through,read-heavy,2000,3,24402.76,27535.75,27741.86,28090.61,29362.7,69.16,0.0396,27804,69.65,valid
cluster,write-through,read-heavy,100,4,165.53,337.91,402.08,539.67,1021.85,62.4,0,24408,69.53,valid
cluster,write-through,read-heavy,250,4,1830.48,2327.09,2433.38,2680.12,3792.27,71.72,0,28078,70.21,valid
cluster,write-through,read-heavy,500,4,4737.8,5541.41,5649.96,5896.37,7325.23,74.12,0,28966,70.26,valid
cluster,write-through,read-heavy,750,4,7538.79,8727.49,8854.7,9110.74,10934.37,75.88,0,29708,70.36,valid
cluster,write-through,read-heavy,1000,4,10388.76,11858.79,11989.69,12220.29,13505.19,76.66,0,30013,69.67,valid
cluster,write-through,read-heavy,1500,4,18409.68,21004.14,21146.41,21428.4,23270.26,68.1,0.1891,26970,70.05,valid
cluster,write-through,read-heavy,2000,4,24308.36,27903.07,28187.41,28594.57,30000.32,69.5,0.0466,27902,70.17,valid
cluster,write-through,read-heavy,100,5,193.49,394.39,469.95,625.91,1144.35,61.42,0,23977,69.79,valid
cluster,write-through,read-heavy,250,5,1856.48,2358.95,2465.88,2691.52,3701.17,71.1,0,27824,70.14,valid
cluster,write-through,read-heavy,500,5,5522.8,6010.2,6343.14,30000.94,30059.5,65.38,1.9534,25597,69.98,valid
cluster,write-through,read-heavy,750,5,7897.9,9112.58,9240,9499.57,10901.45,72.87,0,28553,69.83,valid
cluster,write-through,read-heavy,1000,5,11272.73,12701.25,13021.89,13560.77,14455.16,71.3,0,27903,70.56,valid
cluster,write-through,read-heavy,1500,5,17559.36,20052.66,20195.07,20457.31,22523.99,71.18,0.0817,28139,70.63,valid
cluster,write-through,read-heavy,2000,5,23751.83,27084.34,27242.91,27516.62,28511.41,70.97,0.0455,28553,70.21,valid
cluster,write-through,write-heavy,100,1,748.06,1203.39,1327.3,1598.08,3012.46,58.99,0,23071,21.06,valid
cluster,write-through,write-heavy,250,1,2999.68,3768.52,3938.88,4285.18,5614.11,59.11,0,23086,21.72,valid
cluster,write-through,write-heavy,500,1,6972.08,8481.11,8760.49,9238.73,11001.82,57.7,0,22565,21.36,valid
cluster,write-through,write-heavy,750,1,10742.06,12710.48,13036.64,13562.55,15402.94,58.42,0,22867,21.92,valid
cluster,write-through,write-heavy,1000,1,14298.18,16671.86,16908.16,17337.51,18300.62,59.32,0,23496,21.47,valid
cluster,write-through,write-heavy,1500,1,21335.35,24781.23,24978.84,25321.03,27111.13,60.11,1.3836,24284,21.6,valid
cluster,write-through,write-heavy,2000,1,26787.56,30000.96,30001.82,30014.09,30071.05,63.39,68.4136,26027,25.52,saturated
cluster,write-through,write-heavy,100,2,727.72,1189.11,1324.31,1603.82,3344.71,59.71,0,23331,21.53,valid
cluster,write-through,write-heavy,250,2,2869.54,3621.63,3792.1,4189.24,5480.26,61.28,0,23971,21.4,valid
cluster,write-through,write-heavy,500,2,6396.8,7577.79,7733.29,8041.47,9804.83,62.2,0,24329,21.82,valid
cluster,write-through,write-heavy,750,2,10045.11,11513.78,11670.79,11989.74,13012.51,62.24,0,24348,21.03,valid
cluster,write-through,write-heavy,1000,2,13728.42,15721.12,15941.16,16343.72,18469.42,61.7,0,24346,21.94,valid
cluster,write-through,write-heavy,1500,2,21007.19,24745.39,25188.52,25989.97,27426.52,61.12,1.5912,24635,21.37,valid
cluster,write-through,write-heavy,2000,2,26813.9,30000.96,30001.65,30015.48,30078.02,63.43,67.1933,26013,25.64,saturated
cluster,write-through,write-heavy,100,3,765.47,1237.11,1362.58,1665.72,2956.15,58.26,0,22744,21.46,valid
cluster,write-through,write-heavy,250,3,2875.18,3608.26,3749.48,4047.45,5144.11,61.1,0,23885,21.68,valid
cluster,write-through,write-heavy,500,3,6447.55,7626.71,7776.82,8073.12,9406.69,61.91,0,24181,21.74,valid
cluster,write-through,write-heavy,750,3,10215.29,11831.41,11999.43,12306.35,13436.17,61.25,0,23947,21.57,valid
cluster,write-through,write-heavy,1000,3,13628.77,15470.39,15643.11,15961.85,17571.17,62.14,0,24548,21.3,valid
cluster,write-through,write-heavy,1500,3,20861.75,24406.62,24634.83,25047.93,26235.4,61.5,1.3315,24785,21.26,valid
cluster,write-through,write-heavy,2000,3,26809.43,30000.94,30001.38,30014.43,30084.76,63.47,66.9948,26005,25.97,saturated
cluster,write-through,write-heavy,100,4,840.85,1355.54,1505.34,1827.98,4198.68,55.59,0,21710,21.46,valid
cluster,write-through,write-heavy,250,4,3049.3,3815.61,3972.9,4302.59,5485.07,58.31,0,22805,21.33,valid
cluster,write-through,write-heavy,500,4,6745.75,7956.08,8136.63,8496.73,9781.5,59.33,0,23199,21.63,valid
cluster,write-through,write-heavy,750,4,10623.91,12323.87,12520.45,12886.76,15673.24,58.99,0,23107,21.51,valid
cluster,write-through,write-heavy,1000,4,14503.04,16665.36,16873.69,17264.17,18238.33,58.54,0,23163,21.74,valid
cluster,write-through,write-heavy,1500,4,23145.17,27348.02,27745.67,28553.47,29896.79,55.44,1.7152,22505,21.89,valid
cluster,write-through,write-heavy,2000,4,27461.28,30001.03,30003.76,30017.82,30118.98,61.21,81.5747,25427,27.03,saturated
cluster,write-through,write-heavy,100,5,746.53,1207.57,1327.03,1588.28,3873.36,59.08,0,23099,21.37,valid
cluster,write-through,write-heavy,250,5,2864.92,3599.2,3739.74,4018.25,5664.95,61.33,0,23953,21.79,valid
cluster,write-through,write-heavy,500,5,6598.73,7745.68,7905.62,8219.4,9696.4,60.58,0,23688,21.8,valid
cluster,write-through,write-heavy,750,5,10257.13,11663.58,11817.34,12109.32,12874.66,60.97,0,23883,21.37,valid
cluster,write-through,write-heavy,1000,5,13688.2,15666.11,15857.85,16243.34,17104.6,61.9,0,24417,21.43,valid
cluster,write-through,write-heavy,1500,5,21082.84,24630.75,24822.79,25177.57,26415.43,60.82,1.3334,24598,21.69,valid
cluster,write-through,write-heavy,2000,5,26787.99,30000.93,30001.21,30013.92,30120.36,63.4,66.3007,26051,25.92,saturated
